"Date","adjElecProdVolume","eskomElecConsumedStationsSA","eskomElecDistSA","eskomElecProducedSA","eskomExports","eskomImports","total_Exports","total_Imports","totalElecConsumedStationsSA","totalElecDistSA_SeasonalAdj","totalElecDistSA_Unadjusted","totalElecProducedSA","unadjustedElecProdVolume","totalElecDistEC_SeasonalAdj","totalElecDistFS_SeasonalAdj","totalElecDistGAU_SeasonalAdj","totalElecDistKZN_SeasonalAdj","totalElecDistLP_SeasonalAdj","totalElecDistMP_SeasonalAdj","totalElecDistNC_SeasonalAdj","totalElecDistNW_SeasonalAdj","totalElecDistWC_SeasonalAdj","unadjustedTotalElecProducedSA"
"1985-01-01",54.9,892,9201,10085,76,82,76,86,1058,10461,10073,11119,52.8,NA,NA,NA,NA,NA,NA,NA,NA,NA,NA
"1985-02-01",54.9,789,8776,9448,69,186,69,190,898,10693,9662,10439,49.6,NA,NA,NA,NA,NA,NA,NA,NA,NA,NA
"1985-03-01",55.5,882,9780,10699,79,42,79,47,978,10620,10650,11660,55.4,NA,NA,NA,NA,NA,NA,NA,NA,NA,NA
"1985-04-01",56.2,878,9361,10241,70,68,70,74,982,10783,10236,11214,53.3,NA,NA,NA,NA,NA,NA,NA,NA,NA,NA
"1985-05-01",56.1,892,10150,11086,84,40,84,46,1001,10781,11052,12091,57.4,NA,NA,NA,NA,NA,NA,NA,NA,NA,NA
"1985-06-01",56.5,866,10170,11055,85,66,85,71,998,10917,11322,12334,58.6,NA,NA,NA,NA,NA,NA,NA,NA,NA,NA
"1985-07-01",55.9,947,10613,11630,95,25,95,30,1075,10749,11835,12975,61.6,NA,NA,NA,NA,NA,NA,NA,NA,NA,NA
"1985-08-01",56.3,896,10410,11394,95,7,95,13,1023,10820,11516,12621,60,NA,NA,NA,NA,NA,NA,NA,NA,NA,NA
"1985-09-01",56.5,847,9883,10825,96,1,96,5,963,10854,10806,11860,56.3,NA,NA,NA,NA,NA,NA,NA,NA,NA,NA
"1985-10-01",55.9,771,10207,11071,93,0,93,0,883,10814,11005,11981,56.9,NA,NA,NA,NA,NA,NA,NA,NA,NA,NA
"1985-11-01",56.7,798,10044,10933,91,0,91,0,906,10908,10779,11776,55.9,NA,NA,NA,NA,NA,NA,NA,NA,NA,NA
"1985-12-01",56.7,799,9641,10515,75,0,75,0,899,10930,10340,11314,53.8,NA,NA,NA,NA,NA,NA,NA,NA,NA,NA
"1986-01-01",56.2,758,9794,10650,99,1,99,5,818,10879,10568,11480,54.5,NA,NA,NA,NA,NA,NA,NA,NA,NA,NA
"1986-02-01",56.3,704,9200,9948,87,43,87,48,786,10953,9898,10723,50.9,NA,NA,NA,NA,NA,NA,NA,NA,NA,NA
"1986-03-01",58,691,10317,11068,106,46,106,52,777,11333,11088,11919,56.6,NA,NA,NA,NA,NA,NA,NA,NA,NA,NA
"1986-04-01",56.2,716,9844,10613,105,52,105,59,809,10898,10610,11466,54.5,NA,NA,NA,NA,NA,NA,NA,NA,NA,NA
"1986-05-01",57.6,821,10473,11358,115,51,115,56,924,11135,11306,12289,58.4,NA,NA,NA,NA,NA,NA,NA,NA,NA,NA
"1986-06-01",59.7,1195,10640,11917,113,31,113,36,1319,11203,11698,13094,62.2,NA,NA,NA,NA,NA,NA,NA,NA,NA,NA
"1986-07-01",57.5,911,10829,11861,125,4,125,9,1047,11061,12130,13293,63.2,NA,NA,NA,NA,NA,NA,NA,NA,NA,NA
"1986-08-01",58.2,873,10760,11760,127,0,127,0,1002,11208,11905,13034,61.9,NA,NA,NA,NA,NA,NA,NA,NA,NA,NA
"1986-09-01",57.5,796,10140,11063,127,0,127,0,907,11076,11045,12079,57.4,NA,NA,NA,NA,NA,NA,NA,NA,NA,NA
"1986-10-01",57.9,885,10537,11550,128,0,128,0,990,11096,11382,12500,59.4,NA,NA,NA,NA,NA,NA,NA,NA,NA,NA
"1986-11-01",58.5,818,10248,11192,126,0,126,0,911,11257,11018,12055,57.3,NA,NA,NA,NA,NA,NA,NA,NA,NA,NA
"1986-12-01",56.9,833,9715,10665,117,0,117,0,927,10902,10418,11462,54.5,NA,NA,NA,NA,NA,NA,NA,NA,NA,NA
"1987-01-01",58.1,740,10165,11008,115,12,115,12,807,11272,10869,11779,56,NA,NA,NA,NA,NA,NA,NA,NA,NA,NA
"1987-02-01",59.5,833,9643,10576,107,7,107,7,903,11441,10331,11334,53.8,NA,NA,NA,NA,NA,NA,NA,NA,NA,NA
"1987-03-01",59.6,886,10747,11703,107,37,107,37,958,11482,11454,12482,59.3,NA,NA,NA,NA,NA,NA,NA,NA,NA,NA
"1987-04-01",59.2,845,10104,10984,102,67,102,67,901,11452,10903,11839,56.2,NA,NA,NA,NA,NA,NA,NA,NA,NA,NA
"1987-05-01",59.2,893,10845,11788,114,64,114,64,971,11437,11603,12624,60,NA,NA,NA,NA,NA,NA,NA,NA,NA,NA
"1987-06-01",59.8,930,11031,12048,117,30,117,30,1016,11526,12030,13133,62.4,NA,NA,NA,NA,NA,NA,NA,NA,NA,NA
"1987-07-01",59.8,984,11706,12816,134,8,134,8,1072,11505,12709,13907,66.1,NA,NA,NA,NA,NA,NA,NA,NA,NA,NA
"1987-08-01",60.1,961,11290,12382,139,8,139,8,1042,11561,12249,13422,63.8,NA,NA,NA,NA,NA,NA,NA,NA,NA,NA
"1987-09-01",59.8,879,10664,11670,135,8,135,8,972,11503,11518,12617,59.9,NA,NA,NA,NA,NA,NA,NA,NA,NA,NA
"1987-10-01",59.6,869,10858,11851,134,10,134,10,956,11496,11710,12790,60.8,NA,NA,NA,NA,NA,NA,NA,NA,NA,NA
"1987-11-01",60.4,786,10701,11611,129,5,129,5,869,11702,11491,12484,59.3,NA,NA,NA,NA,NA,NA,NA,NA,NA,NA
"1987-12-01",60.7,881,10346,11335,113,5,113,5,964,11664,11116,12188,57.9,NA,NA,NA,NA,NA,NA,NA,NA,NA,NA
"1988-01-01",61.5,870,10657,11619,105,13,105,13,946,11861,11434,12472,59.3,NA,NA,NA,NA,NA,NA,NA,NA,NA,NA
"1988-02-01",61.2,851,10425,11353,106,29,106,29,929,11810,11166,12172,57.8,NA,NA,NA,NA,NA,NA,NA,NA,NA,NA
"1988-03-01",59.8,839,11008,11872,101,76,101,76,929,11602,11605,12559,59.7,NA,NA,NA,NA,NA,NA,NA,NA,NA,NA
"1988-04-01",61,749,10619,11402,96,62,96,62,827,11933,11330,12191,57.9,NA,NA,NA,NA,NA,NA,NA,NA,NA,NA
"1988-05-01",57.7,833,10564,11437,107,67,107,67,910,11200,11334,12284,58.4,NA,NA,NA,NA,NA,NA,NA,NA,NA,NA
"1988-06-01",61.7,878,11582,12520,111,51,111,51,971,12000,12568,13599,64.6,NA,NA,NA,NA,NA,NA,NA,NA,NA,NA
"1988-07-01",62.3,956,12216,13275,114,11,114,11,1042,12074,13211,14356,68.2,NA,NA,NA,NA,NA,NA,NA,NA,NA,NA
"1988-08-01",62.2,955,11888,12969,133,7,133,7,1040,12028,12879,14045,66.7,NA,NA,NA,NA,NA,NA,NA,NA,NA,NA
"1988-09-01",63.2,885,11358,12358,121,6,121,6,979,12222,12234,13328,63.3,NA,NA,NA,NA,NA,NA,NA,NA,NA,NA
"1988-10-01",64.3,945,11739,12804,125,5,125,5,1037,12396,12604,13761,65.4,NA,NA,NA,NA,NA,NA,NA,NA,NA,NA
"1988-11-01",63.6,864,11241,12216,116,5,116,5,958,12285,12081,13150,62.5,NA,NA,NA,NA,NA,NA,NA,NA,NA,NA
"1988-12-01",64,827,11018,11897,90,38,90,38,922,12439,11847,12821,60.9,NA,NA,NA,NA,NA,NA,NA,NA,NA,NA
"1989-01-01",63.8,782,11243,12044,93,74,93,74,871,12481,12043,12933,61.4,NA,NA,NA,NA,NA,NA,NA,NA,NA,NA
"1989-02-01",63.9,846,10475,11369,100,52,100,52,926,12417,11206,12180,57.9,NA,NA,NA,NA,NA,NA,NA,NA,NA,NA
"1989-03-01",63,845,11350,12275,101,21,101,21,928,12233,12036,13044,62,NA,NA,NA,NA,NA,NA,NA,NA,NA,NA
"1989-04-01",65.4,883,11436,12404,115,30,115,30,967,12669,12171,13223,62.8,NA,NA,NA,NA,NA,NA,NA,NA,NA,NA
"1989-05-01",63.3,906,11761,12718,110,59,110,59,1000,12278,12549,13600,64.6,NA,NA,NA,NA,NA,NA,NA,NA,NA,NA
"1989-06-01",63.8,931,12016,13041,115,21,115,21,1028,12363,12951,14073,66.9,NA,NA,NA,NA,NA,NA,NA,NA,NA,NA
"1989-07-01",64.9,996,12831,13950,126,3,126,3,1082,12534,13678,14883,70.7,NA,NA,NA,NA,NA,NA,NA,NA,NA,NA
"1989-08-01",63.8,968,12361,13456,127,0,127,0,1057,12330,13182,14366,68.3,NA,NA,NA,NA,NA,NA,NA,NA,NA,NA
"1989-09-01",65.3,855,11843,12837,139,0,139,0,942,12673,12657,13738,65.3,NA,NA,NA,NA,NA,NA,NA,NA,NA,NA
"1989-10-01",64.6,840,11983,12949,126,0,126,0,925,12571,12821,13872,65.9,NA,NA,NA,NA,NA,NA,NA,NA,NA,NA
"1989-11-01",64.3,855,11329,12312,132,4,132,4,919,12481,12242,13289,63.1,NA,NA,NA,NA,NA,NA,NA,NA,NA,NA
"1989-12-01",65.6,878,11227,12205,107,7,107,7,962,12691,12058,13120,62.3,NA,NA,NA,NA,NA,NA,NA,NA,NA,NA
"1990-01-01",68.3,987,11650,12728,97,6,97,6,1066,12758,12400,13557,66.4,NA,NA,NA,NA,NA,NA,NA,NA,NA,NA
"1990-02-01",67.1,919,10586,11607,114,12,114,12,995,12497,11294,12391,60.7,NA,NA,NA,NA,NA,NA,NA,NA,NA,NA
"1990-03-01",67.3,982,11592,12674,112,12,112,12,1065,12542,12406,13571,66.5,NA,NA,NA,NA,NA,NA,NA,NA,NA,NA
"1990-04-01",66.6,938,11053,12035,105,61,105,61,1022,12430,11819,12885,63.1,NA,NA,NA,NA,NA,NA,NA,NA,NA,NA
"1990-05-01",67.6,933,12111,13094,108,58,108,58,1019,12703,12967,14036,68.8,NA,NA,NA,NA,NA,NA,NA,NA,NA,NA
"1990-06-01",66.6,955,12247,13287,139,54,139,54,1052,12520,13128,14265,69.9,NA,NA,NA,NA,NA,NA,NA,NA,NA,NA
"1990-07-01",66.4,980,12777,13853,121,25,121,25,1064,12486,13682,14842,72.7,NA,NA,NA,NA,NA,NA,NA,NA,NA,NA
"1990-08-01",67.9,1094,12743,13942,120,15,120,15,1179,12683,13584,14868,72.8,NA,NA,NA,NA,NA,NA,NA,NA,NA,NA
"1990-09-01",66.8,951,11660,12748,146,9,146,9,1032,12470,12450,13619,66.7,NA,NA,NA,NA,NA,NA,NA,NA,NA,NA
"1990-10-01",68.8,1031,12359,13508,123,5,123,5,1115,12848,13158,14391,70.5,NA,NA,NA,NA,NA,NA,NA,NA,NA,NA
"1990-11-01",70.2,983,11945,13107,184,5,184,5,1076,13066,12747,14002,68.6,NA,NA,NA,NA,NA,NA,NA,NA,NA,NA
"1990-12-01",67,903,11095,12157,164,5,164,5,989,12476,11809,12957,63.5,NA,NA,NA,NA,NA,NA,NA,NA,NA,NA
"1991-01-01",68.1,951,11657,12687,113,34,113,34,1027,12773,12435,13541,66.3,NA,NA,NA,NA,NA,NA,NA,NA,NA,NA
"1991-02-01",68,911,10740,11730,133,54,133,54,989,12702,11475,12543,61.5,NA,NA,NA,NA,NA,NA,NA,NA,NA,NA
"1991-03-01",68.6,1000,11775,12856,131,50,131,50,1082,12829,12702,13865,67.9,NA,NA,NA,NA,NA,NA,NA,NA,NA,NA
"1991-04-01",71.1,1042,11724,12841,123,48,123,48,1126,13201,12532,13733,67.3,NA,NA,NA,NA,NA,NA,NA,NA,NA,NA
"1991-05-01",69.2,1090,12384,13584,127,17,127,17,1171,12848,13128,14409,70.6,NA,NA,NA,NA,NA,NA,NA,NA,NA,NA
"1991-06-01",69,1086,12687,13929,163,7,163,7,1168,12847,13511,14835,72.7,NA,NA,NA,NA,NA,NA,NA,NA,NA,NA
"1991-07-01",69.4,1094,13326,14555,142,7,142,7,1187,12925,14164,15486,75.9,NA,NA,NA,NA,NA,NA,NA,NA,NA,NA
"1991-08-01",69.4,1074,13020,14228,140,6,140,6,1166,12963,13914,15214,74.5,NA,NA,NA,NA,NA,NA,NA,NA,NA,NA
"1991-09-01",68.6,1007,11988,13161,171,5,171,5,1089,12746,12695,13950,68.3,NA,NA,NA,NA,NA,NA,NA,NA,NA,NA
"1991-10-01",68.4,968,12302,13409,144,5,144,5,1056,12795,13079,14274,69.9,NA,NA,NA,NA,NA,NA,NA,NA,NA,NA
"1991-11-01",68,931,11560,12702,216,5,216,5,1003,12675,12344,13558,66.4,NA,NA,NA,NA,NA,NA,NA,NA,NA,NA
"1991-12-01",66.8,854,11032,12062,192,16,192,16,935,12494,11797,12908,63.2,NA,NA,NA,NA,NA,NA,NA,NA,NA,NA
"1992-01-01",67.4,895,11598,12569,117,41,117,41,969,12679,12354,13399,65.6,NA,NA,NA,NA,NA,NA,NA,NA,NA,NA
"1992-02-01",70.1,909,11108,12104,138,51,138,51,980,13143,11881,12948,63.4,NA,NA,NA,NA,NA,NA,NA,NA,NA,NA
"1992-03-01",67.8,973,11807,12868,136,48,136,48,1066,12690,12605,13759,67.4,NA,NA,NA,NA,NA,NA,NA,NA,NA,NA
"1992-04-01",68,892,11362,12327,128,55,128,55,974,12735,12085,13132,64.3,NA,NA,NA,NA,NA,NA,NA,NA,NA,NA
"1992-05-01",68.1,1047,12164,13300,132,43,132,43,1133,12705,12985,14207,69.6,NA,NA,NA,NA,NA,NA,NA,NA,NA,NA
"1992-06-01",68.2,1030,12644,13832,169,11,169,11,1116,12748,13451,14725,72.1,NA,NA,NA,NA,NA,NA,NA,NA,NA,NA
"1992-07-01",68.2,1005,13219,14347,148,25,148,25,1083,12804,14029,15235,74.6,NA,NA,NA,NA,NA,NA,NA,NA,NA,NA
"1992-08-01",68.5,1037,12948,14114,146,17,146,17,1122,12810,13748,14999,73.5,NA,NA,NA,NA,NA,NA,NA,NA,NA,NA
"1992-09-01",68.9,913,11980,13045,178,26,178,26,993,12890,12806,13951,68.4,NA,NA,NA,NA,NA,NA,NA,NA,NA,NA
"1992-10-01",69.4,927,12391,13474,160,4,160,4,1010,13015,13245,14411,70.6,NA,NA,NA,NA,NA,NA,NA,NA,NA,NA
"1992-11-01",69.4,921,11743,12882,225,7,225,7,1011,12945,12615,13844,67.8,NA,NA,NA,NA,NA,NA,NA,NA,NA,NA
"1992-12-01",69.9,924,11461,12574,195,6,195,6,1012,13023,12279,13480,66,NA,NA,NA,NA,NA,NA,NA,NA,NA,NA
"1993-01-01",70.6,983,11950,13133,206,6,206,6,1074,13070,12762,14036,68.8,NA,NA,NA,NA,NA,NA,NA,NA,NA,NA
"1993-02-01",69.7,846,11046,12097,214,9,214,9,898,13043,11802,12905,63.2,NA,NA,NA,NA,NA,NA,NA,NA,NA,NA
"1993-03-01",71,973,12501,13673,206,7,206,7,1023,13267,13232,14454,70.8,NA,NA,NA,NA,NA,NA,NA,NA,NA,NA
"1993-04-01",71.3,953,11867,12986,175,9,175,9,1006,13277,12578,13750,67.4,NA,NA,NA,NA,NA,NA,NA,NA,NA,NA
"1993-05-01",70.6,1059,12673,13916,195,11,195,11,1118,13126,13430,14732,72.2,NA,NA,NA,NA,NA,NA,NA,NA,NA,NA
"1993-06-01",71.8,1144,13280,14638,223,9,223,9,1207,13308,14084,15505,76,NA,NA,NA,NA,NA,NA,NA,NA,NA,NA
"1993-07-01",71.2,1069,13546,14839,233,9,233,9,1166,13244,14519,15909,77.9,NA,NA,NA,NA,NA,NA,NA,NA,NA,NA
"1993-08-01",71.3,1056,13238,14532,246,8,246,8,1152,13231,14194,15584,76.4,NA,NA,NA,NA,NA,NA,NA,NA,NA,NA
"1993-09-01",72.8,1005,12489,13730,243,7,243,7,1105,13511,13374,14715,72.1,NA,NA,NA,NA,NA,NA,NA,NA,NA,NA
"1993-10-01",71.5,1021,12566,13811,230,6,230,6,1094,13294,13480,14798,72.5,NA,NA,NA,NA,NA,NA,NA,NA,NA,NA
"1993-11-01",71.8,950,12258,13435,236,9,236,9,1020,13419,13091,14338,70.2,NA,NA,NA,NA,NA,NA,NA,NA,NA,NA
"1993-12-01",72.6,898,11920,13003,195,10,195,10,982,13603,12813,13980,68.5,NA,NA,NA,NA,NA,NA,NA,NA,NA,NA
"1994-01-01",72.4,1004,12295,13425,161,35,161,35,1113,13486,13176,14415,70.6,NA,NA,NA,NA,NA,NA,NA,NA,NA,NA
"1994-02-01",72.6,894,11501,12576,193,12,193,12,1004,13551,12294,13479,66,NA,NA,NA,NA,NA,NA,NA,NA,NA,NA
"1994-03-01",73.4,1011,12802,14034,222,1,222,1,1129,13605,13593,14943,73.2,NA,NA,NA,NA,NA,NA,NA,NA,NA,NA
"1994-04-01",72.6,1016,11909,13101,179,3,179,3,1117,13441,12723,14016,68.7,NA,NA,NA,NA,NA,NA,NA,NA,NA,NA
"1994-05-01",73.2,1125,12951,14299,224,1,224,1,1214,13549,13892,15329,75.1,NA,NA,NA,NA,NA,NA,NA,NA,NA,NA
"1994-06-01",74.2,1053,13671,14973,249,0,249,0,1167,13808,14629,16045,78.6,NA,NA,NA,NA,NA,NA,NA,NA,NA,NA
"1994-07-01",74.8,1098,14322,15666,246,0,246,0,1216,13914,15255,16717,81.9,NA,NA,NA,NA,NA,NA,NA,NA,NA,NA
"1994-08-01",75,1107,13929,15278,242,0,242,0,1222,13933,14893,16357,80.1,NA,NA,NA,NA,NA,NA,NA,NA,NA,NA
"1994-09-01",74.9,1056,12890,14171,225,0,225,0,1171,13874,13719,15115,74.1,NA,NA,NA,NA,NA,NA,NA,NA,NA,NA
"1994-10-01",74.8,1051,13106,14423,266,0,266,0,1174,13865,14018,15458,75.7,NA,NA,NA,NA,NA,NA,NA,NA,NA,NA
"1994-11-01",75.8,972,12927,14178,279,0,279,0,1093,14099,13752,15124,74.1,NA,NA,NA,NA,NA,NA,NA,NA,NA,NA
"1994-12-01",76.3,1027,12536,13754,193,2,193,2,1135,14189,13366,14692,72,NA,NA,NA,NA,NA,NA,NA,NA,NA,NA
"1995-01-01",76.1,1083,12908,14187,209,13,209,13,1187,14096,13782,15165,74.3,NA,NA,NA,NA,NA,NA,NA,NA,NA,NA
"1995-02-01",75.9,963,12066,13241,224,12,224,12,1045,14146,12858,14115,69.2,NA,NA,NA,NA,NA,NA,NA,NA,NA,NA
"1995-03-01",76.3,1133,13376,14649,179,39,179,39,1241,14145,14145,15526,76.1,NA,NA,NA,NA,NA,NA,NA,NA,NA,NA
"1995-04-01",75.6,1006,12426,13558,164,38,164,38,1124,14106,13350,14600,71.5,NA,NA,NA,NA,NA,NA,NA,NA,NA,NA
"1995-05-01",76,998,13700,14830,172,40,172,40,1134,14278,14687,15953,78.2,NA,NA,NA,NA,NA,NA,NA,NA,NA,NA
"1995-06-01",75.9,1007,14053,15291,238,7,238,7,1130,14172,14998,16359,80.2,NA,NA,NA,NA,NA,NA,NA,NA,NA,NA
"1995-07-01",75.7,1072,14512,15852,268,0,268,0,1201,14094,15440,16909,82.8,NA,NA,NA,NA,NA,NA,NA,NA,NA,NA
"1995-08-01",75.6,1025,14037,15346,284,0,284,0,1152,14068,14994,16430,80.5,NA,NA,NA,NA,NA,NA,NA,NA,NA,NA
"1995-09-01",75.8,918,13046,14307,343,0,343,0,1035,14120,13939,15317,75,NA,NA,NA,NA,NA,NA,NA,NA,NA,NA
"1995-10-01",76.4,1017,13419,14761,325,0,325,0,1142,14151,14306,15773,77.3,NA,NA,NA,NA,NA,NA,NA,NA,NA,NA
"1995-11-01",77.8,1024,13201,14550,325,0,325,0,1143,14420,14070,15538,76.1,NA,NA,NA,NA,NA,NA,NA,NA,NA,NA
"1995-12-01",77.8,1064,12810,14143,269,0,269,0,1167,14391,13534,14970,73.3,NA,NA,NA,NA,NA,NA,NA,NA,NA,NA
"1996-01-01",78.4,1129,13524,14924,272,1,272,1,1216,14473,14155,15642,76.6,NA,NA,NA,NA,NA,NA,NA,NA,NA,NA
"1996-02-01",82.1,1104,13121,14633,408,0,408,0,1199,15047,13710,15317,75,NA,NA,NA,NA,NA,NA,NA,NA,NA,NA
"1996-03-01",79,1253,13659,15307,395,0,395,0,1354,14323,14361,16110,78.9,NA,NA,NA,NA,NA,NA,NA,NA,NA,NA
"1996-04-01",80.9,1166,13224,14752,388,26,388,26,1269,14759,14006,15637,76.6,NA,NA,NA,NA,NA,NA,NA,NA,NA,NA
"1996-05-01",81.1,1232,14479,16149,440,2,440,2,1348,14784,15315,17101,83.8,NA,NA,NA,NA,NA,NA,NA,NA,NA,NA
"1996-06-01",79.7,1191,14404,16088,493,0,493,0,1309,14526,15325,17127,83.9,NA,NA,NA,NA,NA,NA,NA,NA,NA,NA
"1996-07-01",84.4,1286,15932,17779,561,0,561,0,1412,15428,16862,18835,92.3,NA,NA,NA,NA,NA,NA,NA,NA,NA,NA
"1996-08-01",83.1,1227,15184,16923,512,0,512,0,1351,15208,16151,18014,88.3,NA,NA,NA,NA,NA,NA,NA,NA,NA,NA
"1996-09-01",81.2,1128,13910,15535,497,0,497,0,1240,14895,14698,16435,80.5,NA,NA,NA,NA,NA,NA,NA,NA,NA,NA
"1996-10-01",83.1,1194,14547,16290,549,0,549,0,1309,15183,15356,17214,84.3,NA,NA,NA,NA,NA,NA,NA,NA,NA,NA
"1996-11-01",83.6,1222,13952,15725,551,0,551,0,1342,15179,14792,16685,81.7,NA,NA,NA,NA,NA,NA,NA,NA,NA,NA
"1996-12-01",83.4,1177,13392,15082,513,0,513,0,1255,15155,14207,15975,78.3,NA,NA,NA,NA,NA,NA,NA,NA,NA,NA
"1997-01-01",84.4,1243,14141,15889,508,3,508,3,1324,15322,15009,16838,82.5,NA,NA,NA,NA,NA,NA,NA,NA,NA,NA
"1997-02-01",84.5,1174,13307,14938,457,0,457,0,1246,15411,14088,15791,77.4,NA,NA,NA,NA,NA,NA,NA,NA,NA,NA
"1997-03-01",83.5,1289,14371,16165,505,0,505,0,1366,15099,15155,17026,83.4,NA,NA,NA,NA,NA,NA,NA,NA,NA,NA
"1997-04-01",88.2,1202,14381,16078,498,3,498,3,1311,16022,15247,17053,83.6,NA,NA,NA,NA,NA,NA,NA,NA,NA,NA
"1997-05-01",86.6,1307,15501,17286,478,0,478,0,1419,15789,16423,18320,89.8,NA,NA,NA,NA,NA,NA,NA,NA,NA,NA
"1997-06-01",86,1228,15446,17275,602,1,602,1,1323,15693,16474,18398,90.1,NA,NA,NA,NA,NA,NA,NA,NA,NA,NA
"1997-07-01",86.7,1373,16279,18292,640,0,640,0,1474,15786,17187,19301,94.6,NA,NA,NA,NA,NA,NA,NA,NA,NA,NA
"1997-08-01",84.8,1314,15361,17302,627,0,627,0,1424,15383,16303,18354,89.9,NA,NA,NA,NA,NA,NA,NA,NA,NA,NA
"1997-09-01",86.7,1330,14653,16605,623,1,623,1,1434,15702,15503,17559,86,NA,NA,NA,NA,NA,NA,NA,NA,NA,NA
"1997-10-01",86.7,1262,15138,17034,634,0,634,0,1376,15784,16005,18015,88.3,NA,NA,NA,NA,NA,NA,NA,NA,NA,NA
"1997-11-01",85.7,1196,14403,16163,564,0,564,0,1308,15622,15235,17107,83.8,NA,NA,NA,NA,NA,NA,NA,NA,NA,NA
"1997-12-01",86.9,1153,14049,15681,479,0,479,0,1243,15911,14878,16600,81.3,NA,NA,NA,NA,NA,NA,NA,NA,NA,NA
"1998-01-01",85.3,1230,14521,16070,330,11,330,11,1329,15732,15403,17051,83.5,NA,NA,NA,NA,NA,NA,NA,NA,NA,NA
"1998-02-01",85.5,1119,13554,14981,360,52,360,52,1227,15789,14459,15994,78.4,NA,NA,NA,NA,NA,NA,NA,NA,NA,NA
"1998-03-01",84.3,1220,14914,16300,325,159,325,159,1328,15680,15714,17208,84.3,NA,NA,NA,NA,NA,NA,NA,NA,NA,NA
"1998-04-01",84.8,1185,14042,15418,367,176,367,176,1297,15646,14923,16411,80.4,NA,NA,NA,NA,NA,NA,NA,NA,NA,NA
"1998-05-01",84.6,1317,15374,16946,388,133,388,133,1432,15599,16261,17948,87.9,NA,NA,NA,NA,NA,NA,NA,NA,NA,NA
"1998-06-01",84.2,1310,15368,16920,429,187,429,187,1423,15584,16280,17945,87.9,NA,NA,NA,NA,NA,NA,NA,NA,NA,NA
"1998-07-01",84,1331,15979,17641,472,141,472,141,1447,15564,16867,18645,91.4,NA,NA,NA,NA,NA,NA,NA,NA,NA,NA
"1998-08-01",80.7,1192,15485,16360,350,667,350,667,1301,15562,16417,17401,85.3,NA,NA,NA,NA,NA,NA,NA,NA,NA,NA
"1998-09-01",83.5,1177,14677,15994,343,203,343,203,1289,15663,15536,16965,83.1,NA,NA,NA,NA,NA,NA,NA,NA,NA,NA
"1998-10-01",83.9,1205,15066,16510,400,161,400,161,1324,15678,15957,17520,85.8,NA,NA,NA,NA,NA,NA,NA,NA,NA,NA
"1998-11-01",82.8,1088,14344,15624,465,273,465,273,1195,15486,15136,16523,81,NA,NA,NA,NA,NA,NA,NA,NA,NA,NA
"1998-12-01",82.7,1020,13787,14898,303,212,303,212,1109,15562,14563,15763,77.2,NA,NA,NA,NA,NA,NA,NA,NA,NA,NA
"1999-01-01",83.3,1222,14279,15662,346,185,346,185,1315,15467,15153,16629,81.5,NA,NA,NA,NA,NA,NA,NA,NA,NA,NA
"1999-02-01",83.6,1105,13583,14754,267,201,267,201,1199,15669,14360,15625,76.6,NA,NA,NA,NA,NA,NA,NA,NA,NA,NA
"1999-03-01",83.4,1192,15091,16229,248,302,248,302,1286,15749,15791,17023,83.4,NA,NA,NA,NA,NA,NA,NA,NA,NA,NA
"1999-04-01",81.7,1129,14277,14941,217,682,217,682,1223,15764,15063,15821,77.5,NA,NA,NA,NA,NA,NA,NA,NA,NA,NA
"1999-05-01",81,1180,15522,16301,318,719,318,719,1282,15678,16327,17208,84.3,NA,NA,NA,NA,NA,NA,NA,NA,NA,NA
"1999-06-01",81.6,1180,15587,16460,347,654,347,654,1274,15761,16393,17360,85.1,NA,NA,NA,NA,NA,NA,NA,NA,NA,NA
"1999-07-01",82.3,1246,16228,17340,381,515,381,515,1344,15804,17051,18261,89.5,NA,NA,NA,NA,NA,NA,NA,NA,NA,NA
"1999-08-01",83.1,1223,15939,17014,465,613,465,613,1316,15875,16708,17876,87.6,NA,NA,NA,NA,NA,NA,NA,NA,NA,NA
"1999-09-01",83.7,1173,15148,16122,480,679,480,679,1273,16063,15937,17011,83.3,NA,NA,NA,NA,NA,NA,NA,NA,NA,NA
"1999-10-01",83.2,1230,15567,16549,440,688,440,688,1332,16037,16322,17406,85.3,NA,NA,NA,NA,NA,NA,NA,NA,NA,NA
"1999-11-01",84.3,1135,15040,15963,432,644,432,644,1238,16146,15831,16857,82.6,NA,NA,NA,NA,NA,NA,NA,NA,NA,NA
"1999-12-01",83.8,1129,14393,15056,325,791,325,791,1217,16176,15184,15935,78.1,NA,NA,NA,NA,NA,NA,NA,NA,NA,NA
"2000-01-01",79.2,1123,14787,15425,197,683,197,683,1212,NA,15512,15916,77.2,NA,NA,NA,NA,NA,NA,NA,NA,NA,16239
"2000-02-01",80.5,1078,14521,15239,169,529,169,529,1145,NA,15224,15981,76.1,NA,NA,NA,NA,NA,NA,NA,NA,NA,16008
"2000-03-01",83.9,1213,15449,16852,196,6,196,6,1306,NA,16225,16106,84.2,NA,NA,NA,NA,NA,NA,NA,NA,NA,17722
"2000-04-01",84.8,1209,14632,15973,155,24,155,24,1300,NA,15399,16347,80,NA,NA,NA,NA,NA,NA,NA,NA,NA,16831
"2000-05-01",84.8,1294,16270,17757,213,20,213,20,1399,NA,17064,16329,88.6,NA,NA,NA,NA,NA,NA,NA,NA,NA,18656
"2000-06-01",83.7,1297,16034,17522,193,2,193,2,1401,NA,16818,16075,87.5,NA,NA,NA,NA,NA,NA,NA,NA,NA,18410
"2000-07-01",82.4,1297,16973,18034,363,599,363,599,1396,NA,17759,16310,89.9,NA,NA,NA,NA,NA,NA,NA,NA,NA,18920
"2000-08-01",83.6,1292,16394,17600,389,476,389,476,1389,NA,17214,16383,88,NA,NA,NA,NA,NA,NA,NA,NA,NA,18517
"2000-09-01",82.9,1158,15448,16569,458,495,458,495,1253,NA,16180,16299,82.6,NA,NA,NA,NA,NA,NA,NA,NA,NA,17395
"2000-10-01",84.1,1257,15908,17200,540,506,540,506,1363,NA,16709,16442,86,NA,NA,NA,NA,NA,NA,NA,NA,NA,18107
"2000-11-01",84.1,1212,15363,16499,525,601,525,601,1318,NA,16161,16484,82.7,NA,NA,NA,NA,NA,NA,NA,NA,NA,17402
"2000-12-01",84.2,1151,14706,15687,609,778,609,778,1237,NA,15395,16555,78.2,NA,NA,NA,NA,NA,NA,NA,NA,NA,16463
"2001-01-01",83.9,1106,15309,16462,616,569,616,569,1202,NA,16064,16398,82.3,NA,NA,NA,NA,NA,NA,NA,NA,NA,17313
"2001-02-01",82.8,865,14156,15004,470,488,470,488,957,NA,14871,16247,75.1,NA,NA,NA,NA,NA,NA,NA,NA,NA,15810
"2001-03-01",82.4,1046,15592,16471,498,665,498,665,1144,NA,16320,16269,82.2,NA,NA,NA,NA,NA,NA,NA,NA,NA,17296
"2001-04-01",82.6,1141,14749,15579,463,774,463,774,1233,NA,15515,16340,78.1,NA,NA,NA,NA,NA,NA,NA,NA,NA,16437
"2001-05-01",82.3,1183,16202,17264,508,629,508,629,1283,NA,16929,16229,85.9,NA,NA,NA,NA,NA,NA,NA,NA,NA,18090
"2001-06-01",80.7,1162,16050,16911,496,797,496,797,1268,NA,16788,16059,84.4,NA,NA,NA,NA,NA,NA,NA,NA,NA,17755
"2001-07-01",84.8,1311,17231,18605,543,479,543,479,1421,NA,18021,16491,92.7,NA,NA,NA,NA,NA,NA,NA,NA,NA,19506
"2001-08-01",85.3,1269,16629,18186,569,282,569,282,1371,NA,17300,16392,90.1,NA,NA,NA,NA,NA,NA,NA,NA,NA,18958
"2001-09-01",84.6,1196,15652,16922,581,507,581,507,1286,NA,16277,16519,83.8,NA,NA,NA,NA,NA,NA,NA,NA,NA,17637
"2001-10-01",83.3,1230,16224,17371,630,713,630,713,1326,NA,16794,16430,85.7,NA,NA,NA,NA,NA,NA,NA,NA,NA,18037
"2001-11-01",82.6,1089,15406,16457,598,636,598,636,1174,NA,15960,16271,81.2,NA,NA,NA,NA,NA,NA,NA,NA,NA,17096
"2001-12-01",82.8,1024,14663,15526,547,708,547,708,1102,NA,15224,16402,76.8,NA,NA,NA,NA,NA,NA,NA,NA,NA,16165
"2002-01-01",84,1109,15417,16414,558,670,558,670,1208,15818,16191,16549,82.1,436,1151,4404,3071,950,2464,402,1335,1605,17286
"2002-02-01",84.6,981,14500,15315,478,643,478,643,1073,14813,15215,16655,76.6,434,1058,4144,2847,875,2264,394,1219,1578,16122
"2002-03-01",85.1,1108,15863,16717,529,783,529,783,1203,16173,16551,16875,83.1,471,1140,4530,3105,968,2473,389,1381,1716,17501
"2002-04-01",85.7,1123,15605,16519,525,733,525,733,1225,15893,16362,16888,82.6,499,1136,4498,3055,919,2489,342,1368,1587,17378
"2002-05-01",87,1320,17044,18283,578,658,578,658,1428,17314,17852,17011,91.2,537,1242,5086,3277,1016,2655,363,1472,1666,19199
"2002-06-01",88.3,1310,17052,18259,601,704,601,704,1428,17458,18016,17306,91.9,523,1230,5342,3199,969,2589,379,1491,1736,19341
"2002-07-01",87.5,1293,17984,19189,614,702,614,702,1410,18424,18956,17237,96.3,553,1292,5695,3324,1042,2695,395,1596,1832,20278
"2002-08-01",87.3,1231,17149,18264,605,721,605,721,1341,17573,18064,17244,91.6,524,1221,5177,3273,1049,2604,390,1539,1796,19289
"2002-09-01",88.2,1212,16240,17442,628,637,628,637,1308,16632,17125,17320,87.5,474,1145,4750,3164,1004,2535,403,1499,1658,18424
"2002-10-01",89.2,1230,16908,18311,626,454,626,454,1332,17209,17741,17388,91.4,517,1193,4822,3287,1040,2607,437,1585,1721,19246
"2002-11-01",90.2,1224,16420,17767,600,477,600,477,1309,16675,17234,17584,88.7,503,1164,4629,3206,1005,2542,381,1555,1690,18665
"2002-12-01",91.3,1128,15876,16922,608,691,608,691,1215,16168,16713,18004,84.8,450,1114,4323,3185,1017,2553,330,1508,1688,17846
"2003-01-01",89.1,1252,16365,17490,578,705,578,705,1329,16479,17095,17495,86.9,490,1163,4551,3167,1006,2436,398,1558,1710,18297
"2003-02-01",89.5,1172,15393,16437,508,637,508,637,1258,15509,16168,17475,82.2,471,1091,4263,2934,943,2328,366,1457,1656,17297
"2003-03-01",89.9,1316,16834,18051,607,706,607,706,1409,17099,17655,17581,90.1,511,1143,4732,3218,1058,2637,380,1617,1803,18965
"2003-04-01",91.3,1327,16126,17525,619,547,619,547,1403,16371,16905,17619,87.3,493,1087,4545,3165,1026,2459,333,1572,1691,18380
"2003-05-01",91.1,1369,17318,18922,805,569,805,569,1452,17604,18159,17471,94.3,534,1185,5158,3324,1083,2548,346,1723,1703,19846
"2003-06-01",92.2,1380,17397,19057,798,518,798,518,1486,17789,18331,17640,95.5,549,1202,5362,3266,1050,2479,390,1715,1776,20097
"2003-07-01",93.1,1478,18198,19828,944,792,944,792,1591,18637,19183,18047,99.4,576,1253,5658,3416,1098,2635,418,1729,1854,20926
"2003-08-01",94.9,1461,17722,19789,1030,424,1030,424,1585,18174,18713,17937,99.3,570,1220,5387,3366,1095,2610,423,1678,1825,20904
"2003-09-01",94.9,1403,16613,18801,1051,266,1051,266,1488,16993,17526,17719,94.1,533,1102,4800,3254,1057,2465,413,1636,1733,19799
"2003-10-01",96.8,1439,17546,19829,1116,272,1116,272,1544,17834,18479,18114,99.1,548,1178,4993,3431,1097,2626,450,1736,1775,20867
"2003-11-01",94.9,1344,16916,18701,1025,583,1025,583,1439,17177,17790,18075,93.5,523,1128,4728,3366,1067,2532,421,1674,1738,19670
"2003-12-01",94.8,1303,16609,18248,1055,720,1055,720,1389,16897,17456,18201,91.1,487,1116,4408,3367,1066,2621,430,1652,1750,19181
"2004-01-01",94.9,1357,17075,18640,1037,828,1037,828,1437,17285,17850,18271,92.6,545,1145,4621,3379,1086,2625,416,1682,1786,19495
"2004-02-01",97.5,1300,16542,18007,977,811,977,811,1384,16704,17278,18729,89.4,520,1089,4513,3247,1028,2517,418,1594,1778,18827
"2004-03-01",95.4,1416,17638,19219,1027,863,1027,863,1500,17828,18477,18401,95.7,550,1150,4862,3467,1107,2662,432,1739,1859,20141
"2004-04-01",96,1421,16758,18488,951,641,951,641,1487,16919,17524,18292,91.8,504,1108,4649,3313,1075,2551,369,1621,1729,19321
"2004-05-01",95.9,1512,18051,19960,944,547,944,547,1596,18387,18909,18177,99.3,573,1197,5235,3552,1125,2756,400,1704,1845,20902
"2004-06-01",98.3,1500,18379,20376,1057,560,1057,560,1593,18754,19336,18593,101.8,578,1197,5680,3541,1120,2685,424,1703,1826,21427
"2004-07-01",99.3,1566,19178,21276,1140,607,1140,607,1662,19532,20156,18917,106.2,604,1217,6064,3669,1150,2704,443,1747,1934,22351
"2004-08-01",96.6,1509,18357,20298,1049,618,1049,618,1596,18619,19265,18460,101.2,584,1164,5410,3628,1160,2639,428,1670,1936,21292
"2004-09-01",97.5,1415,17468,19341,1048,590,1048,590,1490,17764,18362,18592,96.5,559,1080,5093,3475,1106,2546,433,1663,1809,20310
"2004-10-01",96.7,1455,17810,19841,1112,536,1112,536,1554,18101,18714,18361,99,563,1112,5082,3584,1089,2729,454,1666,1822,20844
"2004-11-01",97,1348,17438,19122,1082,746,1082,746,1455,17748,18314,18600,95.5,560,1064,4943,3493,1117,2689,466,1601,1815,20105
"2004-12-01",96.8,1386,16849,18585,1029,679,1029,679,1486,17128,17754,18509,93.1,490,1068,4610,3466,1130,2690,444,1423,1807,19590
"2005-01-01",97,1386,17398,19085,1030,729,1030,729,1478,17521,18149,18575,94.7,531,1062,4815,3457,1140,2609,478,1594,1835,19928
"2005-02-01",96.9,1272,16383,17842,901,714,901,714,1363,16491,17169,18612,88.9,502,994,4556,3268,1035,2489,429,1482,1736,18719
"2005-03-01",96.9,1434,17576,19445,968,533,968,533,1530,17813,18487,18408,97.2,545,1078,4938,3524,1145,2665,436,1613,1869,20452
"2005-04-01",99.7,1411,17276,19080,991,598,991,598,1504,17587,18132,18953,95.2,543,1058,4988,3479,1130,2620,383,1588,1798,20030
"2005-05-01",96.3,1451,18183,19868,1083,849,1083,849,1540,18602,19224,18483,99.8,578,1114,5359,3576,1202,2768,412,1687,1906,20998
"2005-06-01",95.2,1371,17971,19625,1096,813,1096,813,1478,18315,18983,18263,98.6,577,1109,5356,3578,1174,2572,418,1640,1891,20745
"2005-07-01",95.5,1542,18615,20402,1102,856,1102,856,1630,18944,19657,18438,102.3,594,1172,5635,3757,1201,2628,441,1583,1933,21533
"2005-08-01",95.4,1477,18152,19890,1144,883,1144,883,1572,18597,19191,18399,99.9,601,1172,5397,3717,1210,2520,435,1516,2029,21024
"2005-09-01",97.3,1319,17505,19271,1134,686,1134,686,1401,17822,18383,18645,96.1,577,1077,4993,3608,1149,2520,445,1578,1875,20233
"2005-10-01",97.2,1388,18355,20068,1161,836,1161,836,1475,18440,19127,18784,99.4,568,1140,5101,3736,1167,2663,480,1719,1866,20928
"2005-11-01",97.9,1426,17759,19439,1119,865,1119,865,1515,17831,18523,18823,96.4,553,1117,4927,3647,1104,2512,425,1678,1868,20292
"2005-12-01",98.9,1411,17440,19169,1155,837,1155,837,1492,17557,18230,18975,95.2,509,1112,4642,3640,1138,2538,445,1665,1868,20040
"2006-01-01",99,1496,17835,19515,1056,872,1056,872,1575,17887,18603,19032,96.7,540,1121,4861,3656,1178,2531,432,1670,1898,20363
"2006-02-01",99.4,1297,16745,18446,1050,646,1050,646,1380,16727,17396,18888,91.1,510,972,4663,3402,1071,2462,385,1510,1752,19180
"2006-03-01",99.8,1469,18288,20304,1129,581,1129,581,1548,18279,18982,18896,100.1,555,1062,5182,3745,1164,2669,434,1549,1919,21077
"2006-04-01",99.5,1370,17523,19323,1017,587,1017,587,1440,17455,18122,18950,95,523,1005,4967,3595,1159,2506,390,1468,1842,19993
"2006-05-01",101.2,1507,19556,21231,1046,879,1046,879,1590,19537,20312,19539,104.8,583,1131,5908,3830,1253,2860,420,1622,1930,22069
"2006-06-01",100.6,1432,19221,20875,1102,881,1102,881,1510,19452,20166,19434,104,583,1082,6015,3789,1273,2781,415,1626,1888,21897
"2006-07-01",100.1,1581,19740,21634,1239,926,1239,926,1676,19890,20632,19278,107.5,605,1139,6054,3879,1282,2853,423,1680,1975,22622
"2006-08-01",101.1,1548,19426,21306,1262,930,1262,930,1635,19678,20307,19460,105.8,607,1123,6016,3827,1279,2718,433,1695,1980,22273
"2006-09-01",100,1451,18177,19896,1239,971,1239,971,1517,18379,18987,19267,98.7,575,1003,5248,3723,1287,2608,441,1660,1834,20772
"2006-10-01",101.8,1526,18887,21042,1311,682,1311,682,1590,18957,19663,19324,104,590,1048,5235,3846,1372,2813,464,1715,1874,21882
"2006-11-01",101.7,1432,18505,20261,1186,862,1186,862,1507,18542,19244,19578,100.1,577,1051,5118,3753,1300,2711,467,1697,1868,21074
"2006-12-01",101.5,1460,18136,19761,1129,965,1129,965,1523,18324,18909,19651,97.9,537,1035,4848,3756,1362,2746,483,1653,1904,20596
"2007-01-01",103.1,1532,18834,20413,1134,1088,1134,1088,1608,18902,19561,19996,100.8,581,1089,5060,3786,1370,2850,500,1679,1987,21215
"2007-02-01",103,1374,17648,19139,1060,942,1060,942,1428,17710,18301,19866,94.3,555,996,4830,3520,1311,2575,447,1608,1868,19847
"2007-03-01",104,1516,19413,21187,1231,973,1231,973,1576,19480,20160,20060,104.5,601,1106,5344,3880,1422,2782,460,1830,2055,21994
"2007-04-01",102.5,1470,18272,19819,1132,1055,1132,1055,1528,18360,18982,19833,97.8,569,1054,5053,3689,1296,2695,384,1720,1900,20587
"2007-05-01",104.9,1582,20177,22061,1203,900,1203,900,1645,20220,20901,20127,108.6,636,1130,5889,3958,1413,2857,422,1877,2038,22849
"2007-06-01",105.6,1482,20095,21952,1256,880,1256,880,1562,20303,21020,20265,109.1,620,1104,6171,3896,1380,2819,433,1850,2030,22957
"2007-07-01",105,1624,20796,22738,1301,984,1301,984,1703,21055,21780,20281,113.1,636,1143,6486,4019,1410,2927,470,1888,2076,23801
"2007-08-01",105.7,1644,20356,22207,1252,1045,1252,1045,1722,20560,21353,20471,110.6,640,1127,6131,3996,1375,2855,437,1916,2083,23281
"2007-09-01",103.7,1565,18950,20674,1186,1026,1186,1026,1631,18987,19732,20039,102.3,621,1019,5306,3784,1349,2710,411,1832,1955,21523
"2007-10-01",103.7,1555,19604,21371,1252,1040,1252,1040,1625,19704,20435,20103,105.8,649,1056,5529,3940,1369,2848,427,1886,2000,22272
"2007-11-01",105.2,1489,18969,20918,1256,796,1256,796,1566,19066,19785,20144,103.6,629,1041,5311,3732,1350,2743,438,1887,1935,21810
"2007-12-01",105.2,1502,18343,20459,1233,619,1233,619,1569,18492,19160,19923,101.4,556,991,4904,3739,1357,2809,421,1801,1914,21343
"2008-01-01",104.4,1505,18551,20699,1280,638,1280,638,1591,18600,19256,19693,102.1,591,1021,5097,3753,1283,2745,438,1743,1929,21490
"2008-02-01",105.7,1379,17946,19541,1101,885,1101,885,1465,17923,18668,20290,96.7,592,975,4952,3485,1252,2677,435,1705,1850,20349
"2008-03-01",101.8,1523,18813,20671,1136,802,1136,802,1611,18811,19603,19487,102.4,611,1010,5249,3540,1328,2861,420,1818,1974,21548
"2008-04-01",103.4,1438,18271,19863,998,844,998,844,1531,18485,19127,19955,98.9,589,961,5209,3565,1341,2745,387,1791,1897,20813
"2008-05-01",102.8,1549,19513,21422,1120,761,1120,761,1639,19683,20365,19647,106.2,631,1029,5771,3678,1426,2862,402,1876,2008,22362
"2008-06-01",102.2,1436,19571,21167,1162,1002,1162,1002,1530,19871,20515,19791,105.5,638,1061,5994,3633,1412,2866,405,1864,1998,22206
"2008-07-01",103.6,1626,20730,22515,1249,1089,1249,1089,1728,20869,21610,20095,111.6,664,1142,6356,3861,1500,2907,445,1892,2102,23498
"2008-08-01",102.3,1542,19880,21566,1220,1076,1220,1076,1627,19964,20736,19907,106.9,642,1061,5815,3803,1486,2850,442,1844,2021,22508
"2008-09-01",103.1,1413,18977,20549,1203,1044,1203,1044,1500,19091,19725,20032,101.6,628,975,5367,3753,1424,2652,463,1838,1991,21384
"2008-10-01",104,1505,19420,21539,1258,645,1258,645,1577,19462,20138,19830,106.1,630,1046,5321,3872,1453,2774,495,1904,1967,22329
"2008-11-01",99.7,1443,17912,19896,1252,711,1252,711,1520,18001,18640,18983,98.4,589,1016,5012,3688,1224,2504,452,1675,1841,20702
"2008-12-01",94.2,1382,16849,18345,1189,1075,1189,1075,1448,16911,17541,18232,90.8,519,997,4543,3562,1212,2372,433,1370,1903,19102
"2009-01-01",94.2,1412,17237,18643,1096,1102,1096,1102,1483,17266,17919,18290,92.1,566,1026,4837,3604,1218,2312,460,1302,1941,19395
"2009-02-01",93.8,1239,16165,17384,979,999,979,999,1319,16055,16757,18157,85.8,515,944,4589,3334,1111,2077,396,1243,1846,18056
"2009-03-01",95.7,1463,18042,19540,1100,1064,1100,1064,1543,17903,18694,18572,96.3,582,1045,5038,3707,1300,2351,441,1383,2056,20273
"2009-04-01",97.2,1439,17245,18863,1086,906,1086,906,1511,17286,17934,18654,93.2,544,982,4756,3574,1267,2510,374,1415,1864,19624
"2009-05-01",98.2,1538,18910,20620,1109,937,1109,937,1603,18897,19548,18929,101.3,621,1063,5437,3743,1381,2654,386,1695,1917,21322
"2009-06-01",98.4,1408,19227,20723,1175,1088,1175,1088,1478,19044,19819,19104,101.6,630,1088,5727,3710,1325,2563,395,1681,1925,21384
"2009-07-01",101.5,1615,20414,22212,1223,1040,1223,1040,1688,20354,21151,19678,109.4,638,1117,6283,3884,1387,2766,434,1869,1976,23022
"2009-08-01",101.1,1578,19690,21431,1235,1072,1235,1072,1653,19649,20398,19599,105.5,642,1079,5795,3840,1390,2708,411,1783,2001,22214
"2009-09-01",102.6,1489,18725,20579,1285,920,1285,920,1559,18582,19382,19673,101.2,610,976,5100,3751,1448,2622,421,1767,1887,21306
"2009-10-01",100.4,1421,19296,20890,1288,1115,1288,1115,1485,19047,19899,19611,102.4,589,1010,5271,3827,1468,2738,434,1858,1852,21557
"2009-11-01",100.7,1357,18704,20333,1213,940,1213,940,1415,18486,19248,19581,99.5,598,998,5129,3669,1394,2555,451,1850,1842,20935
"2009-12-01",101.1,1424,18300,19875,1263,1112,1263,1112,1468,18192,18850,19620,97.2,558,986,4768,3689,1419,2638,468,1776,1890,20469
"2010-01-01",102.5,1567,18880,20541,1217,1122,1217,1122,1622,18726,19396,19791,100.3,600,1005,4992,3701,1477,2725,449,1799,1978,21113
"2010-02-01",102.3,1325,17693,19151,1128,995,1128,995,1388,17541,18181,19722,93.6,559,933,4729,3426,1374,2510,434,1705,1871,19702
"2010-03-01",103.4,1453,19633,21298,1252,1040,1252,1040,1519,19443,20186,20044,104.1,623,1040,5253,3806,1541,2825,446,1849,2060,21917
"2010-04-01",102.7,1415,18627,20281,1170,931,1170,931,1474,18436,19102,19801,98.9,593,981,5151,3655,1455,2573,396,1758,1874,20815
"2010-05-01",102.3,1535,19919,21557,1177,1074,1177,1074,1602,19718,20435,19857,105.2,662,1031,5676,3812,1543,2782,404,1884,1924,22141
"2010-06-01",103.4,1484,20193,21792,1132,1019,1132,1019,1549,20050,20800,20057,106.7,648,1086,6064,3815,1512,2781,418,1767,1959,22464
"2010-07-01",101.9,1609,20653,22352,1206,1117,1206,1117,1660,20561,21307,19864,109.5,690,1114,6253,3932,1527,2717,438,1845,2045,23056
"2010-08-01",101.7,1548,19610,21326,1275,1109,1275,1109,1623,19798,20540,19740,106.1,654,1081,5755,3810,1499,2750,406,1839,2004,22329
"2010-09-01",100.9,1473,18480,20133,1248,1068,1248,1068,1541,18482,19256,19512,99.7,615,977,5131,3719,1513,2469,401,1785,1872,20977
"2010-10-01",105.4,1601,19549,21718,1338,770,1338,770,1685,19546,20371,20078,107.5,654,1068,5319,3810,1575,2844,465,1894,1917,22624
"2010-11-01",104,1551,19030,20879,1316,1018,1316,1018,1623,18987,19702,20034,102.7,633,1005,5190,3640,1523,2764,437,1879,1916,21623
"2010-12-01",103.2,1509,18442,20229,1209,930,1209,930,1565,18380,18996,19826,99,601,980,4735,3603,1540,2730,454,1810,1927,20840
"2011-01-01",102.9,1489,18903,20437,1133,1088,1133,1088,1572,18944,19616,19966,100.9,620,1005,5043,3622,1545,2822,439,1864,1984,21233
"2011-02-01",104.7,1326,17651,19316,1069,730,1069,730,1388,17839,18455,20021,95.9,588,919,4755,3428,1450,2649,400,1738,1912,20182
"2011-03-01",105.1,1537,19674,21379,1279,1112,1279,1112,1601,19727,20518,20376,105.9,623,1072,5287,3838,1598,2870,436,1946,2057,22287
"2011-04-01",105.1,1528,18916,20721,1190,912,1190,912,1575,18828,19539,20178,101.6,611,1017,5208,3655,1507,2707,403,1832,1888,21391
"2011-05-01",106.1,1575,20076,21984,1241,907,1241,907,1638,20154,20938,20399,108.8,664,1046,5836,3865,1584,2834,421,1926,1978,22910
"2011-06-01",104.2,1464,19963,21592,1174,1009,1174,1009,1541,20209,20914,20171,107.5,672,1065,6253,3789,1571,2725,448,1710,1976,22620
"2011-07-01",102.5,1607,20219,22094,1247,979,1247,979,1681,20451,21162,19780,109.8,699,1100,6407,3909,1458,2647,457,1756,2018,23111
"2011-08-01",102.2,1567,19739,21496,1298,1108,1298,1108,1635,19889,20617,19801,106.6,697,1044,6099,3850,1428,2681,449,1640,2001,22443
"2011-09-01",103.3,1495,18771,20579,1288,974,1288,974,1561,18916,19619,19860,102.1,661,937,5287,3646,1617,2656,454,1743,1915,21493
"2011-10-01",103.9,1569,19355,21390,1378,911,1378,911,1630,19516,20198,19905,105.9,659,986,5349,3792,1668,2826,490,1833,1913,22294
"2011-11-01",104.2,1524,18937,20769,1381,1073,1381,1073,1594,18976,19763,20092,102.9,641,986,5143,3707,1622,2778,467,1705,1927,21665
"2011-12-01",103.7,1453,18337,19989,1286,1087,1286,1087,1521,18555,19189,20061,99.3,597,901,4767,3703,1605,2822,478,1748,1934,20909
"2012-01-01",103.7,1540,18910,20612,1247,1085,1247,1085,1624,18995,19676,19975,102,662,978,4932,3725,1604,2760,515,1779,2040,21462
"2012-02-01",105.1,1286,17974,19410,1212,1063,1212,1063,1363,18131,18783,20336,96.4,643,933,4855,3468,1583,2638,467,1594,1950,20296
"2012-03-01",101.3,1488,18820,20605,1242,945,1242,945,1559,18936,19623,19496,102,684,974,5122,3510,1568,2801,475,1738,2064,21479
"2012-04-01",98.5,1467,17715,19287,1174,1068,1174,1068,1527,17890,18466,19001,95.5,608,958,4881,3338,1450,2776,419,1574,1886,20099
"2012-05-01",100.7,1503,19036,20796,1322,1066,1322,1066,1576,19200,19869,19403,103.1,680,1007,5488,3529,1524,2890,434,1644,2004,21702
"2012-06-01",101.9,1469,19444,21203,1335,1044,1335,1044,1542,19665,20274,19563,105,673,1051,5960,3540,1494,2810,452,1690,1995,22107
"2012-07-01",101.7,1590,19934,21970,1350,903,1350,903,1673,20107,20743,19439,108.6,698,1086,6037,3646,1497,2829,477,1793,2044,22863
"2012-08-01",103.8,1557,19500,21886,1295,465,1295,465,1628,19705,20345,19508,108.3,700,1038,5814,3650,1500,2739,478,1742,2044,22802
"2012-09-01",102.5,1495,18348,20534,1165,474,1165,474,1560,18470,19100,19320,101.4,650,926,5190,3506,1529,2658,469,1637,1905,21351
"2012-10-01",102,1547,18607,21003,1300,451,1300,451,1615,18775,19413,19139,103.9,648,975,5027,3624,1554,2846,472,1697,1932,21877
"2012-11-01",103.7,1475,18652,20705,1233,654,1233,654,1533,18748,19426,19753,102.3,631,994,4965,3612,1547,2820,504,1787,1888,21536
"2012-12-01",101,1453,17680,19505,1160,788,1160,788,1516,17917,18456,19307,96.7,606,868,4547,3547,1502,2693,477,1748,1929,20345
"2013-01-01",100.2,1459,18178,20076,1115,676,1115,676,1521,18308,18860,19081,98.9,651,889,4823,3577,1471,2650,556,1703,1988,20819
"2013-02-01",101.3,1342,16818,18847,1095,407,1095,407,1404,16942,17493,18964,93,615,824,4491,3298,1367,2430,498,1566,1853,19584
"2013-03-01",101.6,1536,18276,20544,1187,455,1187,455,1607,18551,19202,19088,102.3,649,1098,4773,3632,1476,2643,517,1737,2026,21540
"2013-04-01",102.4,1532,17909,20013,1132,559,1132,559,1589,18191,18762,19276,99.4,634,998,4985,3544,1445,2567,438,1685,1895,20924
"2013-05-01",101.8,1566,19085,20928,1196,919,1196,919,1623,19406,19991,19560,104,688,1063,5528,3687,1504,2712,467,1768,1989,21892
"2013-06-01",102,1493,19297,21067,1158,881,1158,881,1563,19719,20270,19592,105,677,1079,5646,3635,1588,2815,472,1869,1938,22110
"2013-07-01",102.6,1609,20134,21960,1183,965,1183,965,1679,20560,21119,19841,109.3,716,1082,5910,3857,1674,2893,493,1946,1989,23015
"2013-08-01",102.7,1523,19683,21462,1185,930,1185,930,1604,20209,20689,19869,107.1,698,1042,5729,3805,1664,2865,488,1902,2016,22549
"2013-09-01",100.9,1378,18425,20131,1166,839,1166,839,1454,18808,19271,19472,100,645,964,5046,3620,1672,2669,487,1783,1922,21052
"2013-10-01",100.7,1420,18928,20694,1237,891,1237,891,1474,19331,19795,19527,102.7,656,1000,5230,3751,1647,2864,541,1823,1819,21615
"2013-11-01",100.4,1433,18112,19910,1219,854,1219,854,1489,18561,18984,19311,99,625,985,4960,3531,1580,2715,533,1788,1844,20838
"2013-12-01",100,1393,17823,19219,1056,1052,1056,1052,1463,18248,18733,19539,96,604,975,4577,3594,1605,2739,497,1727,1930,20199
"2014-01-01",101.5,1450,18623,20236,1183,1020,1183,1020,1518,18980,19457,19645,100.4,682,1025,4847,3650,1604,2905,565,1726,1976,21138
"2014-02-01",101,1336,17129,18678,1085,873,1085,873,1398,17424,17917,19391,92.8,636,914,4564,3347,1444,2660,490,1467,1902,19527
"2014-03-01",100.9,1526,18401,20292,1219,854,1219,854,1601,18910,19415,19304,101.6,672,998,5014,3637,1562,2948,523,1570,1986,21380
"2014-04-01",101.7,1477,17824,19637,999,664,999,664,1547,18386,18895,19393,98.7,645,951,4915,3560,1582,2866,454,1515,1898,20778
"2014-05-01",100.8,1538,18803,20485,1046,902,1046,902,1613,19477,19907,19491,102.9,649,1012,5429,3696,1645,2981,449,1645,1971,21664
"2014-06-01",99.8,1413,18776,20399,1092,882,1092,882,1496,19453,19891,19269,102.6,645,1030,5739,3568,1647,2871,479,1535,1939,21598
"2014-07-01",100.4,1542,19402,21171,1171,945,1171,945,1636,20261,20661,19407,107,711,1090,5898,3612,1707,3011,515,1658,2059,22524
"2014-08-01",100.8,1533,19021,20786,1167,935,1167,935,1617,19821,20255,19473,105,718,1034,5760,3512,1691,2934,491,1716,1965,22104
"2014-09-01",102,1461,18220,20008,1194,867,1194,867,1528,18977,19450,19656,101.2,722,967,5153,3440,1686,2866,516,1745,1882,21306
"2014-10-01",101.3,1470,18607,20354,1363,1086,1363,1086,1541,19363,19905,19651,103.2,758,981,5205,3556,1746,2753,522,1889,1953,21722
"2014-11-01",99.9,1444,17902,19416,1191,1120,1191,1120,1507,18612,19126,19444,98.4,707,941,4954,3357,1707,2793,463,1820,1870,20704
"2014-12-01",100.3,1401,17441,18939,1126,1029,1126,1029,1472,18281,18752,19519,96.5,663,930,4539,3386,1734,2843,508,1812,1866,20320
"2015-01-01",101.2,1446,18211,19755,1156,1057,1156,1057,1519,18952,19491,19643,100.3,723,1009,4780,3400,1709,2929,561,1880,1961,21108
"2015-02-01",100.6,1254,16888,18187,1106,1061,1106,1061,1311,17473,18060,19553,92.2,655,881,4492,3155,1551,2657,510,1752,1820,19415
"2015-03-01",102,1489,18759,20313,1228,1163,1228,1163,1558,19199,19998,19877,102.7,709,969,4986,3519,1649,2936,520,1940,1971,21621
"2015-04-01",98.7,1389,17445,18739,1050,1144,1050,1144,1457,18239,18769,19270,95.6,680,927,4739,3361,1619,2839,446,1775,1853,20132
"2015-05-01",98.3,1481,18272,19722,1161,1192,1161,1192,1557,19057,19636,19200,100.5,728,978,5074,3474,1698,2841,469,1878,1917,21162
"2015-06-01",99.1,1418,18547,20053,1139,1052,1139,1052,1514,19237,19824,19231,101.8,735,1006,5533,3388,1643,2773,464,1784,1911,21425
"2015-07-01",97.9,1513,19012,20505,1181,1201,1181,1201,1613,19815,20391,19152,104.4,786,1047,5768,3517,1610,2777,490,1830,1990,21984
"2015-08-01",96.4,1441,17869,19666,1389,1033,1389,1033,1517,18957,19236,18528,100.3,763,1001,5345,3424,1599,2636,491,1728,1970,21109
"2015-09-01",98.7,1423,17388,19110,1270,971,1270,971,1492,18399,18788,19019,97.8,725,947,4952,3321,1660,2642,501,1772,1879,20579
"2015-10-01",98.2,1477,18164,19766,1269,1144,1269,1144,1539,18919,19415,19171,100.2,741,972,4979,3367,1776,2756,529,1861,1938,21080
"2015-11-01",98.6,1351,17284,18965,1277,947,1277,947,1417,18256,18720,19001,97.2,724,942,4812,3248,1682,2672,515,1790,1871,20467
"2015-12-01",100.1,1418,17145,18852,1383,1094,1383,1094,1490,18075,18529,19262,96.5,709,984,4509,3256,1668,2753,531,1725,1940,20308
"2016-01-01",99.2,1436,17633,19350,1339,1058,1339,1058,1499,18397,18924,19074,98.4,741,1002,4663,3298,1705,2755,498,1744,1991,20704
"2016-02-01",103.8,1276,16895,18640,1398,930,1398,930,1341,17759,18190,19777,95,702,949,4632,3131,1653,2590,504,1672,1926,20000
"2016-03-01",98.2,1344,17540,19312,1427,1000,1427,1000,1412,18468,18935,18822,98.7,719,937,4842,3322,1682,2743,497,1761,1965,20774
"2016-04-01",99.8,1327,17085,18806,1371,976,1371,976,1395,18134,18535,19074,96.6,689,927,4842,3248,1669,2757,446,1695,1861,20324
"2016-05-01",99.2,1409,18083,19929,1367,930,1367,930,1482,19139,19502,18986,101.8,709,1012,5445,3364,1681,2829,425,1756,1918,21422
"2016-06-01",99.5,1415,17975,20014,1411,788,1411,788,1497,18954,19405,18801,102.3,738,1016,5640,3328,1595,2616,395,1702,1924,21526
"2016-07-01",100.7,1661,18808,21046,1439,863,1439,863,1752,19619,20297,19003,107.5,802,1054,5879,3452,1595,2696,406,1739,1996,22625
"2016-08-01",100.5,1679,17950,20236,1378,770,1378,770,1750,19123,19570,18900,104.2,806,1026,5561,3420,1618,2655,455,1741,1841,21928
"2016-09-01",100,1591,17018,19086,1385,908,1385,908,1662,18234,18679,18949,98.9,782,956,4991,3319,1588,2596,426,1760,1816,20817
"2016-10-01",100.2,1628,17670,19803,1307,802,1307,802,1686,18827,19349,19073,102.3,850,986,4986,3375,1668,2795,435,1843,1889,21540
"2016-11-01",100.7,1471,17086,19156,1419,819,1419,819,1538,18465,18790,19034,99.4,840,914,4811,3331,1582,2725,537,1829,1896,20928
"2016-12-01",100.8,1449,16577,18623,1308,711,1308,711,1520,18260,18370,19083,97.3,813,972,4486,3364,1614,2749,565,1811,1886,20487
"2017-01-01",100.1,1457,17096,19091,1239,701,1239,701,1524,18586,18820,18987,99.2,839,993,4693,3393,1633,2760,514,1820,1941,20881
"2017-02-01",100.1,1221,16038,17667,1078,670,1078,670,1284,17334,17539,19103,91.4,787,899,4489,3171,1491,2475,461,1703,1858,19231
"2017-03-01",101,1458,17809,19625,1122,765,1122,765,1521,19083,19441,19362,101.3,835,986,4930,3497,1679,2744,448,1928,2036,21320
"2017-04-01",100.7,1496,16996,18851,1150,792,1150,792,1563,18212,18550,19135,97.3,701,935,4758,3360,1605,2709,454,1843,1847,20472
"2017-05-01",103.3,1644,18668,20845,1264,731,1264,731,1711,19766,20161,19527,106.4,765,1018,5501,3534,1691,2842,480,1968,1967,22405
"2017-06-01",100.8,1560,18010,20086,1234,718,1234,718,1633,19372,19720,19059,103.9,764,1007,5666,3512,1584,2727,481,1692,1939,21869
"2017-07-01",98.8,1636,18342,20504,1290,765,1290,765,1706,19648,19997,18710,105.6,795,1038,5781,3600,1549,2710,511,1661,2003,22228
"2017-08-01",101.5,1611,18029,20181,1326,786,1326,786,1689,19563,19880,19255,105,787,1036,5668,3617,1545,2719,516,1672,2003,22110
"2017-09-01",101.2,1575,17004,19272,1340,648,1340,648,1644,18376,18707,19014,100,747,957,4939,3426,1547,2641,472,1787,1860,21043
"2017-10-01",101.3,1643,17583,19987,1448,686,1448,686,1708,19073,19352,19033,103.7,764,976,5118,3489,1671,2798,522,1826,1909,21821
"2017-11-01",102.1,1509,17133,19390,1321,572,1321,572,1576,18609,18940,19161,101,744,948,4903,3376,1657,2768,493,1853,1867,21265
"2017-12-01",102.2,1503,16602,18759,1389,734,1389,734,1569,18229,18562,19274,98.8,709,956,4542,3328,1701,2813,545,1756,1879,20787
"2018-01-01",102.9,1583,17082,19280,1414,799,1414,799,1652,18681,19106,19344,101.5,740,996,4739,3341,1724,2841,563,1806,1931,21373
"2018-02-01",102.3,1442,15942,17807,1135,712,1135,712,1500,17281,17667,19319,93.1,674,874,4479,3134,1559,2582,487,1679,1813,19590
"2018-03-01",102.6,1616,17766,19826,1204,760,1204,760,1671,18998,19470,19436,102.5,731,955,4897,3436,1762,2849,532,1877,1959,21584
"2018-04-01",100.2,1596,16757,18640,1030,744,1030,744,1658,18082,18421,19009,96.8,687,895,4810,3276,1702,2608,481,1811,1812,20366
"2018-05-01",102,1686,18475,20413,1061,810,1061,810,1757,19862,20207,19496,105.5,769,998,5491,3563,1773,2890,486,1976,1916,22216
"2018-06-01",100.7,1566,18120,20059,1169,795,1169,795,1639,19569,19926,19208,104.2,760,1017,5700,3492,1653,2759,498,1809,1881,21939
"2018-07-01",100.7,1611,18682,20693,1210,810,1210,810,1687,20243,20626,19266,107.9,792,1061,6026,3594,1709,2802,526,1816,1917,22712
"2018-08-01",101.2,1639,18099,19972,1168,935,1168,935,1727,19675,20053,19447,104.6,810,1027,5488,3639,1657,2740,521,1800,1993,22013
"2018-09-01",100.5,1576,17059,19028,1203,810,1203,810,1639,18489,18839,19151,99.2,752,919,4979,3455,1707,2429,507,1866,1875,20871
"2018-10-01",102,1669,17786,19921,1313,847,1313,847,1735,19364,19785,19454,104.5,777,999,5041,3563,1832,2824,566,1930,1832,21985
"2018-11-01",102.1,1540,17131,19175,1268,764,1268,764,1615,18791,19123,19365,100.9,743,973,4783,3423,1779,2768,551,1910,1861,21241
"2018-12-01",100.7,1465,16547,18322,1211,901,1211,901,1554,18194,18582,19299,97.1,695,960,4406,3391,1760,2757,539,1839,1847,20446
"2019-01-01",101.1,1541,17053,18795,1115,915,1115,915,1610,18785,19132,19433,99.5,734,991,4646,3461,1776,2819,595,1817,1946,20942
"2019-02-01",100.4,1374,15744,17404,1035,749,1035,749,1438,17207,17493,19138,91.3,676,879,4364,3121,1635,2486,508,1690,1848,19217
"2019-03-01",99.8,1511,17038,18980,1138,707,1138,707,1581,18617,18930,18935,99.5,724,927,4739,3421,1757,2714,559,1860,1916,20943
"2019-04-01",102,1519,16902,18852,1120,689,1120,689,1590,18353,18711,19309,98.5,728,917,4788,3330,1728,2714,487,1807,1854,20733
"2019-05-01",101.1,1652,18074,20146,1308,888,1308,888,1728,19540,19943,19158,104.9,767,974,5243,3520,1805,2877,498,1915,1941,22090
"2019-06-01",100.4,1680,17637,19888,1264,692,1264,692,1766,19240,19609,18825,104.3,757,979,5526,3402,1697,2783,511,1686,1899,21947
"2019-07-01",99.9,1739,18157,20381,1310,825,1310,825,1843,19851,20224,18856,107.1,807,1046,5865,3550,1678,2726,547,1614,2018,22552
"2019-08-01",98.7,1673,17081,19368,1380,766,1380,766,1780,18731,19105,18492,102.1,793,993,5234,3480,1633,2667,519,1432,1980,21500
"2019-09-01",100.1,1671,16723,18833,1255,817,1255,817,1737,18253,18605,18924,98.7,742,926,4869,3395,1697,2600,535,1672,1817,20781
"2019-10-01",100.1,1672,17439,19569,1358,900,1358,900,1747,19059,19367,19032,102.5,763,1005,4960,3493,1794,2783,581,1799,1881,21571
"2019-11-01",99.5,1600,16633,18695,1365,903,1365,903,1660,18263,18539,18836,98.2,733,989,4691,3326,1736,2686,560,1732,1810,20662
"2019-12-01",96.9,1522,15672,17569,1329,953,1329,953,1587,17406,17678,18387,93.3,687,921,4340,3214,1718,2625,516,1634,1751,19640
"2020-01-01",99.1,1568,16481,18412,1338,975,1338,975,1627,18164,18444,18818,97.1,737,956,4527,3344,1730,2764,515,1692,1899,20434
"2020-02-01",101.5,1482,15826,17696,1209,820,1209,820,1534,17171,17491,19175,92.2,668,900,4377,3122,1633,2560,469,1637,1805,19414
"2020-03-01",95.9,1602,16224,18299,1393,920,1393,920,1660,17740,17976,18001,95.5,704,912,4602,3308,1661,2695,474,1529,1855,20110
"2020-04-01",78.6,1448,12640,14217,1027,898,1027,898,1506,14145,14379,14789,76.1,587,748,3857,2854,1189,2221,378,824,1488,16014
"2020-05-01",87.7,1627,15632,17503,1037,794,1037,794,1680,16923,17254,16553,91.1,691,902,4782,3198,1566,2460,466,1221,1637,19177
"2020-06-01",94.1,1676,16704,18651,1058,786,1058,786,1746,18311,18664,17845,98.3,721,969,5486,3378,1618,2620,504,1331,1684,20682
"2020-07-01",95.4,1686,17515,19421,1052,832,1052,832,1788,19196,19533,18223,102.3,768,1028,5756,3541,1678,2693,521,1450,1761,21542
"2020-08-01",96,1628,16978,18821,1047,832,1047,832,1725,18669,19038,18401,99.7,781,1018,5373,3487,1677,2638,517,1393,1786,20977
"2020-09-01",97.1,1532,16234,18078,1043,731,1043,731,1615,17859,18216,18530,95.7,733,944,4714,3324,1690,2614,497,1678,1664,20143
"2020-10-01",97.4,1611,16768,18789,1177,767,1177,767,1684,18502,18883,18564,99.7,766,943,4811,3379,1785,2744,527,1842,1705,20977
"2020-11-01",97.4,1461,15893,17822,1166,698,1166,698,1529,17764,18153,18516,95.7,713,928,4568,3277,1701,2639,501,1778,1659,20150
"2020-12-01",98,1462,15698,17483,1100,776,1100,776,1537,17663,17979,18707,94.3,686,911,4350,3325,1745,2666,534,1757,1689,19839
"2021-01-01",96.3,1498,15914,17612,1058,858,1058,858,1570,17660,18002,18446,93.9,697,849,4462,3266,1735,2652,509,1772,1717,19772
"2021-02-01",97,1413,14877,16549,1002,743,1002,743,1482,16527,16825,18416,88.2,642,824,4252,3034,1585,2392,506,1668,1624,18566
"2021-03-01",97.5,1541,16505,18377,1074,743,1074,743,1613,18216,18522,18546,97.2,723,877,4674,3376,1763,2652,517,1894,1740,20466
"2021-04-01",98.6,1579,16220,18173,1164,790,1164,790,1647,17728,18078,18605,95.5,710,889,4501,3310,1737,2575,477,1847,1682,20098
"2021-05-01",98.5,1655,17272,19329,1114,711,1114,711,1731,19059,19371,18602,102.2,766,939,5199,3435,1805,2719,485,1980,1729,21505
"2021-06-01",96.6,1696,16904,19101,1073,571,1073,571,1797,18882,19049,18089,101.4,740,962,5440,3379,1675,2644,506,1863,1672,21347
"2021-07-01",98.6,1767,17773,19848,1161,853,1161,853,1868,19714,20082,18726,105.7,789,1022,5810,3387,1749,2681,539,1924,1814,22258
"2021-08-01",97.6,1652,17238,19066,1209,1033,1209,1033,1762,19082,19459,18751,101.7,810,988,5435,3464,1719,2634,513,1749,1771,21397
"2021-09-01",97.2,1542,15963,17775,1197,927,1197,927,1637,17873,18230,18577,95.7,770,887,4717,3297,1734,2497,501,1796,1675,20137
"2021-10-01",94.1,1521,15923,17886,1225,783,1225,783,1607,17878,18203,17904,96.2,745,865,4639,3278,1746,2634,473,1889,1609,20253
"2021-11-01",94,1428,15473,17082,1202,1021,1202,1021,1518,17381,17713,18114,92.2,706,859,4491,3156,1735,2532,472,1863,1566,19412
"2021-12-01",94.5,1413,15317,16852,1226,1104,1226,1104,1493,17167,17496,18200,90.8,697,831,4293,3191,1742,2538,466,1808,1602,19111
"2022-01-01",95.8,1448,15941,17484,1194,1099,1194,1099,1512,17661,17974,18493,93,759,860,4388,3246,1756,2571,495,1870,1716,19582
"2022-02-01",96.6,1375,15119,16723,1064,835,1064,835,1449,16489,16815,18386,87.9,702,797,4083,3032,1645,2391,458,1743,1638,18494
"2022-03-01",96.3,1522,16506,18261,1103,871,1103,871,1601,18027,18408,18409,96.2,772,877,4433,3365,1794,2597,467,1944,1777,20240
"2022-04-01",94.8,1525,15811,17370,937,904,937,904,1595,17394,17709,18190,91.9,749,837,4489,3098,1685,2549,446,1913,1628,19338
"2022-05-01",94.6,1555,17042,18667,982,913,982,913,1638,18525,18897,18200,97.9,787,836,4973,3309,1749,2701,464,1997,1709,20606
"2022-06-01",92.4,1528,16824,18381,947,918,947,918,1618,18523,18838,17848,97.3,778,897,5268,3328,1710,2557,481,1930,1572,20485
"2022-07-01",91,1473,16672,18313,992,823,992,823,1567,18411,18814,17572,97.6,777,806,5264,3382,1663,2512,502,1880,1626,20549
"2022-08-01",95.3,1494,16825,18452,1036,903,1036,903,1596,18878,19220,18473,99.5,811,964,5222,3501,1672,2538,521,1863,1786,20948
"2022-09-01",89.4,1395,14711,16243,990,852,990,852,1501,16576,16857,17202,87.9,709,838,4232,3189,1579,2244,477,1805,1503,18496
"2022-10-01",90.6,1440,15563,17146,1026,884,1026,884,1543,17459,17784,17524,92.5,712,866,4378,3269,1684,2525,517,1945,1562,19470
"2022-11-01",92.5,1407,14938,16608,1034,771,1034,771,1509,16918,17281,17714,90.5,696,825,4310,3157,1649,2401,476,1853,1551,19053
"2022-12-01",86.7,1282,13679,14939,965,988,965,988,1378,15894,16173,16827,83.3,613,805,3741,3049,1598,2449,480,1745,1415,17528
"2023-01-01",88.4,1274,14158,15428,999,1003,999,1003,1370,16404,16664,17178,85.7,634,839,3890,3068,1634,2536,514,1818,1471,18030
"2023-02-01",87.1,1174,13157,14425,855,761,855,761,1259,15094,15362,16723,79.4,581,767,3692,2826,1507,2247,409,1659,1408,16714
"2023-03-01",90.7,1347,15163,16598,971,883,971,883,1433,17279,17592,17564,90.8,678,859,4220,3204,1762,2581,504,1902,1569,19114
"2023-04-01",86.8,1270,14119,15450,867,807,867,807,1362,16113,16271,16698,84.1,632,786,3975,3001,1625,2441,433,1801,1419,17694
"2023-05-01",86.4,1358,15305,16578,866,951,866,951,1459,17313,17433,16820,89.4,701,848,4493,3170,1645,2580,442,1929,1507,18807
"2023-06-01",88.7,1454,15728,17112,852,922,852,922,1566,17997,18232,17229,93.7,774,932,5003,3266,1661,2614,472,1601,1674,19728
"2023-07-01",87.9,1569,15811,17298,909,991,909,991,1686,17984,18239,17065,94.3,781,914,5102,3313,1673,2539,482,1550,1630,19844
"2023-08-01",88.9,1513,15376,16862,927,954,927,954,1633,17706,17981,17257,93.1,774,894,4834,3309,1730,2497,506,1549,1612,19588
"2023-09-01",88.6,1400,14239,15804,973,808,973,808,1495,16390,16648,17025,87,707,783,4122,3103,1686,2341,473,1674,1500,18308
"2023-10-01",92.1,1481,15522,17250,1033,786,1033,786,1575,17698,17970,17703,94,760,863,4459,3234,1848,2630,505,1832,1566,19792
"2023-11-01",89.7,1330,14563,16060,1045,878,1045,878,1421,16722,16886,17314,87.8,676,829,4129,3080,1684,2512,576,1750,1486,18474
"2023-12-01",90.7,1311,14487,15792,959,965,959,965,1390,16688,16923,17628,87,660,834,3900,3140,1766,2568,598,1681,1541,18307
"2024-01-01",89.3,1290,14442,15603,852,981,852,981,1390,16708,16920,17454,86.4,674,834,4027,3087,1719,2516,529,1698,1623,18180
"2024-02-01",90.7,1237,13648,14835,830,881,830,881,1331,15928,16129,17543,82.7,662,798,3896,2959,1626,2340,508,1595,1543,17410
"2024-03-01",90.7,1434,15055,16618,951,822,951,822,1525,17227,17465,17421,90.8,704,865,4196,3219,1802,2506,526,1773,1635,19119
"2024-04-01",91.8,1412,14933,16292,874,927,874,927,1495,16991,17275,17731,88.9,718,878,4327,3152,1728,2496,439,1661,1592,18717
"2024-05-01",91.3,1518,15940,17437,904,925,904,925,1616,17868,18257,17626,94.3,742,928,4589,3308,1746,2682,467,1730,1677,19852
"2024-06-01",93.4,1622,16396,18248,1130,900,1130,900,1728,18478,18841,17753,98.8,751,952,5120,3298,1800,2619,476,1808,1654,20799
